Week,Home,Away,HomeScore,AwayScore,Margin,Predicted_Prob,Correct,Vegas,Elo_Diff,QB_Diff,EPA_Diff,HomeRest,AwayRest,HomeTurnovers,AwayTurnovers,Regimes
1,KC,BAL,27.0,20.0,7.0,0.3315937181640837,False,-3.0,-105.88417811068598,-63.08105176972185,4.243856906890869,7,7,1.0,1.0,"MEDIUM_SPREAD,EARLY_SEASON"
1,PHI,GB,34.0,29.0,5.0,0.7090978175243711,True,-2.0,-11.112046223257948,18.395482159016183,-7.120196104049683,7,7,3.0,1.0,"CLOSE_GAME,EARLY_SEASON"
1,ATL,PIT,10.0,18.0,8.0,0.7179132892810863,False,-4.0,-147.83767065350912,23.53322382330566,-10.72318708896637,7,7,2.0,0.0,"MEDIUM_SPREAD,EARLY_SEASON"
1,BUF,ARI,34.0,28.0,6.0,0.873838412189321,True,-6.5,216.13198202701096,65.71411381652001,9.911708354949951,7,7,1.0,1.0,"MEDIUM_SPREAD,EARLY_SEASON"
1,CHI,TEN,24.0,17.0,7.0,0.7089596330096218,True,-4.0,55.94850725859442,26.202702922184926,2.1171884536743164,7,7,0.0,3.0,"MEDIUM_SPREAD,EARLY_SEASON"
1,CIN,NE,10.0,16.0,6.0,0.7121818147192398,False,-8.0,176.8100122509759,2.7480110195099314,-0.3902766704559326,7,7,1.0,0.0,"BLOWOUT_EXPECTED,EARLY_SEASON"
1,IND,HOU,27.0,29.0,2.0,0.36785143910915996,True,3.0,-57.7102881625417,-29.850900535805295,-6.419341802597046,7,7,1.0,0.0,"MEDIUM_SPREAD,DIVISION_GAME,EARLY_SEASON"
1,MIA,JAX,20.0,17.0,3.0,0.8120579824534311,True,-3.5,73.69871445743615,41.894326819497564,8.96294891834259,7,7,0.0,1.0,"MEDIUM_SPREAD,EARLY_SEASON"
1,NO,CAR,47.0,10.0,37.0,0.903654506291303,True,-3.5,221.62995544708951,107.32543570950475,39.458749294281006,7,7,0.0,3.0,"MEDIUM_SPREAD,DIVISION_GAME,EARLY_SEASON"
1,NYG,MIN,6.0,28.0,22.0,0.4130700503770061,True,1.0,6.9667356311983895,-24.655106801537613,-34.65378987789154,7,7,2.0,2.0,"CLOSE_GAME,EARLY_SEASON"
1,LAC,LV,22.0,10.0,12.0,0.4057560242047866,False,-3.0,-124.70977688250946,-30.915264044779406,16.098047614097595,7,7,0.0,3.0,"MEDIUM_SPREAD,DIVISION_GAME,EARLY_SEASON"
1,SEA,DEN,26.0,20.0,6.0,0.6566701276094066,True,-6.5,30.93215613729558,7.921656921528893,15.19729232788086,7,7,1.0,3.0,"MEDIUM_SPREAD,EARLY_SEASON"
1,CLE,DAL,17.0,33.0,16.0,0.5103073405216244,False,-2.5,-24.76000479917934,-19.922812567243454,-12.484751775860786,7,7,2.0,0.0,"CLOSE_GAME,EARLY_SEASON"
1,TB,WAS,37.0,20.0,17.0,0.6706807694183301,True,-4.0,174.36538583412903,9.667147621577897,6.063838303089142,7,7,0.0,0.0,"MEDIUM_SPREAD,EARLY_SEASON"
1,DET,LA,26.0,20.0,6.0,0.7054180106033834,True,-5.0,7.770122078597751,23.89358220918848,3.2050729990005493,7,7,1.0,1.0,"MEDIUM_SPREAD,EARLY_SEASON"
1,SF,NYJ,32.0,19.0,13.0,0.8440557717913002,True,-3.5,144.25480340191007,60.06189549228088,2.562445640563965,7,7,0.0,2.0,"MEDIUM_SPREAD,EARLY_SEASON"
2,MIA,BUF,10.0,31.0,21.0,0.004255980312547663,True,-2.5,-54.933015283511395,-12.955774153257835,-29.694799065589905,4,4,3.0,0.0,"CLOSE_GAME,DIVISION_GAME,EARLY_SEASON"
2,BAL,LV,23.0,26.0,3.0,0.9883672601608233,False,-9.0,154.02790225310946,82.55742420282081,9.066689133644104,10,7,1.0,1.0,"BLOWOUT_EXPECTED,EARLY_SEASON,MAJOR_REST_ADVANTAGE"
2,CAR,LAC,3.0,26.0,23.0,0.003520052765268519,True,5.0,-102.61767839940399,-89.8537964114048,-27.0412654876709,7,7,1.0,2.0,"MEDIUM_SPREAD,EARLY_SEASON"
2,DAL,NO,19.0,44.0,25.0,0.01933182395417297,True,-6.5,107.50464442321572,53.97436722645284,-35.35808676481247,7,7,2.0,1.0,"MEDIUM_SPREAD,EARLY_SEASON"
2,DET,TB,16.0,20.0,4.0,0.8246421903548853,False,-7.5,92.84740937629272,44.257775394079545,-1.1151949167251587,7,7,2.0,1.0,"BLOWOUT_EXPECTED,EARLY_SEASON"
2,GB,IND,16.0,10.0,6.0,0.8279650442204138,True,3.0,44.92091726549825,11.640181944366986,4.841123580932617,9,7,1.0,3.0,"MEDIUM_SPREAD,EARLY_SEASON,MINOR_REST_ADVANTAGE"
2,JAX,CLE,13.0,18.0,5.0,0.22711518256354263,True,-3.0,-100.87566299162609,-42.76391340873488,-3.3707812428474426,7,7,0.0,0.0,"MEDIUM_SPREAD,EARLY_SEASON"
2,MIN,SF,23.0,17.0,6.0,0.546951340058399,True,4.5,-140.03320390466433,-77.37242057193794,6.240516245365143,7,6,2.0,2.0,"MEDIUM_SPREAD,EARLY_SEASON,MINOR_REST_ADVANTAGE"
2,NE,SEA,20.0,23.0,3.0,0.6207248908897749,False,3.5,-140.8519601877474,-5.894715548023214,1.9844895154237747,7,7,0.0,0.0,"MEDIUM_SPREAD,EARLY_SEASON"
2,TEN,NYJ,17.0,24.0,7.0,0.17776497071311148,True,3.5,-35.19738874779591,-36.27334179170725,-7.333182692527771,7,6,2.0,0.0,"MEDIUM_SPREAD,EARLY_SEASON,MINOR_REST_ADVANTAGE"
2,WAS,NYG,21.0,18.0,3.0,0.8184852510081554,True,-1.5,-91.03595911450338,36.80704014819753,3.2544493675231934,7,7,0.0,1.0,"CLOSE_GAME,DIVISION_GAME,EARLY_SEASON"
2,ARI,LA,41.0,10.0,31.0,0.9933690030552145,True,1.0,-183.1224198466905,-45.35136500947738,35.181633710861206,7,7,1.0,1.0,"CLOSE_GAME,DIVISION_GAME,EARLY_SEASON"
2,DEN,PIT,6.0,13.0,7.0,0.3815122217708388,True,3.0,-101.65258861373104,-0.1944866773060312,-6.618166208267212,7,7,2.0,0.0,"MEDIUM_SPREAD,EARLY_SEASON"
2,KC,CIN,26.0,25.0,1.0,0.648812603286016,True,-6.5,64.37884353058348,45.958509966882275,-6.928083539009094,10,7,3.0,1.0,"MEDIUM_SPREAD,EARLY_SEASON,MAJOR_REST_ADVANTAGE"
2,HOU,CHI,19.0,13.0,6.0,0.9553079882615244,True,-6.0,77.04966087582375,29.822981398626098,10.172950625419617,7,7,1.0,2.0,"MEDIUM_SPREAD,EARLY_SEASON"
2,PHI,ATL,21.0,22.0,1.0,0.785150030709245,False,-5.5,133.54442199774985,49.87632349674868,-2.5335011184215546,10,8,1.0,0.0,"MEDIUM_SPREAD,EARLY_SEASON,MINOR_REST_ADVANTAGE"
3,NYJ,NE,24.0,3.0,21.0,0.9830606921032855,True,-6.5,91.35588235078126,11.246689815891841,37.135854721069336,4,4,0.0,1.0,"MEDIUM_SPREAD,DIVISION_GAME,EARLY_SEASON"
3,CLE,NYG,15.0,21.0,6.0,0.4945883185064002,True,-6.5,188.44552770828022,92.35841451485726,-21.817788124084473,7,7,2.0,1.0,"MEDIUM_SPREAD,EARLY_SEASON"
3,IND,CHI,21.0,16.0,5.0,0.6775037483369398,True,-1.5,-15.366187603155595,-20.54873398837617,5.39208060503006,7,7,2.0,3.0,"CLOSE_GAME,EARLY_SEASON"
3,MIN,HOU,34.0,7.0,27.0,0.8469427382601274,True,2.0,-80.96130580649833,-35.866677210157604,20.00007736682892,7,7,0.0,2.0,"CLOSE_GAME,EARLY_SEASON"
3,NO,PHI,12.0,15.0,3.0,0.2534260213893727,True,-2.5,34.90460567668515,-1.5201442755669632,-11.242263078689575,7,6,1.0,2.0,"CLOSE_GAME,EARLY_SEASON,MINOR_REST_ADVANTAGE"
3,PIT,LAC,20.0,10.0,10.0,0.8756214962968071,True,-3.0,189.8291137065105,8.31408289774049,9.8364417552948,7,7,1.0,0.0,"MEDIUM_SPREAD,EARLY_SEASON"
3,TB,DEN,7.0,26.0,19.0,0.28099431881894593,True,-6.0,90.36699829304462,50.40433406336501,-19.83982276916504,7,7,2.0,1.0,"MEDIUM_SPREAD,EARLY_SEASON"
3,TEN,GB,14.0,30.0,16.0,0.04752697494441142,True,-3.0,-143.61182592915816,-53.22568617846309,-26.311124563217163,7,7,3.0,0.0,"MEDIUM_SPREAD,EARLY_SEASON"
3,LV,CAR,22.0,36.0,14.0,0.2382816423405079,True,-5.5,231.90114337991872,18.643751768855054,-18.383356750011444,7,7,1.0,0.0,"MEDIUM_SPREAD,EARLY_SEASON"
3,SEA,MIA,24.0,3.0,21.0,0.9310843050307426,True,-4.0,2.9031711707430077,27.527192378101063,23.843295097351074,7,10,2.0,0.0,"MEDIUM_SPREAD,EARLY_SEASON,MAJOR_REST_ADVANTAGE"
3,ARI,DET,13.0,20.0,7.0,0.06345427225959609,True,3.0,-175.424608127714,-63.620318593809316,-13.87979507446289,7,7,1.0,1.0,"MEDIUM_SPREAD,EARLY_SEASON"
3,DAL,BAL,25.0,28.0,3.0,0.19379647007578898,True,1.5,17.011704494862897,-8.731714905404033,-14.451187372207642,7,7,1.0,0.0,"CLOSE_GAME,EARLY_SEASON"
3,LA,SF,27.0,24.0,3.0,0.21243407767126932,False,6.0,-44.745315393210376,-53.77909473597947,-6.443992853164673,7,7,0.0,1.0,"MEDIUM_SPREAD,DIVISION_GAME,EARLY_SEASON"
3,ATL,KC,17.0,22.0,5.0,0.15462200643566404,True,3.0,-158.764839537361,-41.59789057391504,-12.337700366973877,6,7,1.0,1.0,"MEDIUM_SPREAD,EARLY_SEASON,MINOR_REST_ADVANTAGE"
3,BUF,JAX,47.0,10.0,37.0,0.9989593736868587,True,-4.0,189.98225202488015,90.89257602870293,42.89739227294922,11,8,0.0,2.0,"MEDIUM_SPREAD,EARLY_SEASON,MAJOR_REST_ADVANTAGE"
3,CIN,WAS,33.0,38.0,5.0,0.4926386406991498,True,-7.5,156.4057612529516,-15.276957954127738,-2.6404247283935547,8,8,0.0,0.0,"BLOWOUT_EXPECTED,EARLY_SEASON"
4,NYG,DAL,15.0,20.0,5.0,0.019628336030343155,True,5.5,-156.6240424675891,-86.86295300831057,-13.271944284439087,4,4,1.0,0.0,"MEDIUM_SPREAD,DIVISION_GAME,EARLY_SEASON"
4,ATL,NO,26.0,24.0,2.0,0.36892509725051015,False,-2.5,-118.90693332070828,-22.685886575309496,-3.205867700278759,7,7,1.0,1.0,"CLOSE_GAME,DIVISION_GAME,EARLY_SEASON"
4,CAR,CIN,24.0,34.0,10.0,0.2998861994486637,True,4.5,-161.7650843474139,28.733139859303037,-10.109160810709,7,6,1.0,1.0,"MEDIUM_SPREAD,EARLY_SEASON,MINOR_REST_ADVANTAGE"
4,CHI,LA,24.0,18.0,6.0,0.3431852107351445,False,-3.0,-85.00101440198773,-31.840762861499798,-2.101870894432068,7,7,0.0,2.0,"MEDIUM_SPREAD,EARLY_SEASON"
4,GB,MIN,29.0,31.0,2.0,0.2768222937420241,True,-2.5,29.319503278527918,-14.810200178046898,-6.864983946084976,7,7,4.0,2.0,"CLOSE_GAME,DIVISION_GAME,EARLY_SEASON"
4,HOU,JAX,24.0,20.0,4.0,0.9543575387399524,True,-5.5,124.33086573935066,66.44164526801683,11.439420998096466,7,6,0.0,0.0,"MEDIUM_SPREAD,DIVISION_GAME,EARLY_SEASON,MINOR_REST_ADVANTAGE"
4,IND,PIT,27.0,24.0,3.0,0.5699869684056769,True,2.5,-112.23008786858009,-21.758448994004084,3.004558563232422,7,7,0.0,2.0,"CLOSE_GAME,EARLY_SEASON"
4,NYJ,DEN,9.0,10.0,1.0,0.6159226484074829,False,-7.5,-6.718106328036129,27.806986731979805,-4.530645728111267,10,7,1.0,1.0,"BLOWOUT_EXPECTED,EARLY_SEASON,MAJOR_REST_ADVANTAGE"
4,TB,PHI,33.0,16.0,17.0,0.8862545263166407,True,1.0,-0.2950460994165951,-21.830312367612578,14.65490984916687,7,7,0.0,1.0,"CLOSE_GAME,EARLY_SEASON"
4,ARI,WAS,14.0,42.0,28.0,0.02032902680869672,True,-3.5,16.882865520035466,-31.63364010475584,-26.61318463087082,7,6,1.0,1.0,"MEDIUM_SPREAD,EARLY_SEASON,MINOR_REST_ADVANTAGE"
4,SF,NE,30.0,13.0,17.0,0.9983796240310466,True,-10.5,197.30916506608173,63.197749117227204,35.97536385059357,7,10,1.0,3.0,"BLOWOUT_EXPECTED,EARLY_SEASON,MAJOR_REST_ADVANTAGE"
4,LAC,KC,10.0,17.0,7.0,0.06851847393370779,True,7.5,-209.46727404337003,-70.35931053218246,-6.503996849060059,7,7,0.0,2.0,"BLOWOUT_EXPECTED,DIVISION_GAME,EARLY_SEASON"
4,LV,CLE,20.0,16.0,4.0,0.3436253438310765,False,2.5,-80.93690706429152,-27.07293392856218,-1.7225384712219238,7,7,1.0,1.0,"CLOSE_GAME,EARLY_SEASON"
4,BAL,BUF,35.0,10.0,25.0,0.9856559289898094,True,-2.5,-35.68329773409869,2.324605704904343,23.588454008102417,7,6,1.0,1.0,"CLOSE_GAME,EARLY_SEASON,MINOR_REST_ADVANTAGE"
4,MIA,TEN,12.0,31.0,19.0,0.27360385355854316,True,-2.5,154.6209998716538,43.4786943010663,-16.425464183092117,8,8,1.0,1.0,"CLOSE_GAME,EARLY_SEASON"
4,DET,SEA,42.0,29.0,13.0,0.8555532181186246,True,-3.5,48.95289717342462,23.83174082344317,5.321521282196045,8,8,0.0,2.0,"MEDIUM_SPREAD,EARLY_SEASON"
5,ATL,TB,36.0,30.0,6.0,0.6017345091870557,True,-2.5,-32.32740664964763,-17.337233102043,9.462042808532715,4,4,1.0,1.0,"CLOSE_GAME,DIVISION_GAME,MID_SEASON"
5,MIN,NYJ,23.0,17.0,6.0,0.9927812835145654,True,-2.5,92.31656183932841,39.42227626058707,6.132940769195557,7,7,2.0,3.0,"CLOSE_GAME,MID_SEASON"
5,CHI,CAR,36.0,10.0,26.0,0.9605233829369999,True,-4.0,36.055877213314034,0.608198343014692,23.98604941368103,7,7,0.0,3.0,"MEDIUM_SPREAD,MID_SEASON"
5,CIN,BAL,38.0,41.0,3.0,0.5854150756167558,False,2.5,-24.43320261881763,-19.349034199344032,-5.555994033813477,7,7,1.0,1.0,"CLOSE_GAME,DIVISION_GAME,MID_SEASON"
5,HOU,BUF,23.0,20.0,3.0,0.7478743784999371,True,-1.0,12.141766206285865,1.034145731966646,-2.995512008666992,7,7,2.0,0.0,"CLOSE_GAME,MID_SEASON"
5,JAX,IND,37.0,34.0,3.0,0.21824226391466092,False,-3.5,-73.54511941369287,-36.10316361408195,1.692525863647461,7,7,2.0,1.0,"MEDIUM_SPREAD,DIVISION_GAME,MID_SEASON"
5,NE,MIA,10.0,15.0,5.0,0.791756510908851,False,2.0,4.73266182092425,-6.578669456867146,0.24406790733337402,7,6,0.0,1.0,"CLOSE_GAME,DIVISION_GAME,MID_SEASON,MINOR_REST_ADVANTAGE"
5,WAS,CLE,34.0,13.0,21.0,0.9971135742547629,True,-3.0,79.08537401270155,40.96662787626519,23.52787494659424,7,7,2.0,1.0,"MEDIUM_SPREAD,MID_SEASON"
5,DEN,LV,34.0,18.0,16.0,0.9484093625303004,True,-3.0,7.44850406950718,4.037759546284178,13.561430811882019,7,7,0.0,3.0,"MEDIUM_SPREAD,DIVISION_GAME,MID_SEASON"
5,SF,ARI,23.0,24.0,1.0,0.6924377565470895,False,-7.0,44.460442432047785,20.702081635133254,-7.4111329317092896,7,7,3.0,1.0,"BLOWOUT_EXPECTED,DIVISION_GAME,MID_SEASON"
5,LA,GB,19.0,24.0,5.0,0.26036377285471757,True,3.0,-46.02968316859301,1.1202287337562211,-7.585374414920807,7,7,2.0,1.0,"MEDIUM_SPREAD,MID_SEASON"
5,SEA,NYG,20.0,29.0,9.0,0.9751851930342981,False,-7.0,77.05221174945336,38.389905718100636,-0.1440296173095703,6,10,1.0,1.0,"BLOWOUT_EXPECTED,MID_SEASON,MAJOR_REST_ADVANTAGE"
5,PIT,DAL,17.0,20.0,3.0,0.9384107847313217,False,-2.5,31.7780486422414,20.477093182480303,-5.961136817932129,7,10,1.0,3.0,"CLOSE_GAME,MID_SEASON,MAJOR_REST_ADVANTAGE"
5,KC,NO,26.0,13.0,13.0,0.9940310296491157,True,-5.5,75.54012722609264,39.544334638648934,15.27773404121399,8,8,1.0,1.0,"MEDIUM_SPREAD,MID_SEASON"
6,SEA,SF,24.0,36.0,12.0,0.4026318296979323,True,3.5,32.701417725817464,18.89095189934642,-21.462395906448364,4,4,2.0,0.0,"MEDIUM_SPREAD,DIVISION_GAME,MID_SEASON"
6,CHI,JAX,35.0,16.0,19.0,0.9533042217946214,True,1.5,70.11139534695053,34.56169150697815,10.226533770561218,7,7,1.0,2.0,"CLOSE_GAME,MID_SEASON"
6,BAL,WAS,30.0,23.0,7.0,0.48883767986530796,False,-6.5,-25.83646446689022,-16.572053491104953,2.784757375717163,7,7,1.0,0.0,"MEDIUM_SPREAD,MID_SEASON"
6,GB,ARI,34.0,13.0,21.0,0.8719709116898317,True,-5.5,51.87379332435739,1.7070910705533606,12.80172860622406,7,7,1.0,3.0,"MEDIUM_SPREAD,MID_SEASON"
6,NE,HOU,21.0,41.0,20.0,0.007372460796545765,True,6.5,-100.750396094905,-27.964537067221272,-21.084014892578125,7,7,4.0,1.0,"MEDIUM_SPREAD,MID_SEASON"
6,NO,TB,27.0,51.0,24.0,0.013179123524286844,True,3.5,-31.523225732635638,-7.56452366046301,-35.092031478881836,6,10,3.0,3.0,"MEDIUM_SPREAD,DIVISION_GAME,MID_SEASON,MAJOR_REST_ADVANTAGE"
6,PHI,CLE,20.0,16.0,4.0,0.5004798698104013,True,-8.0,34.32446302222888,28.47378161970778,7.358496069908142,14,7,0.0,0.0,"BLOWOUT_EXPECTED,MID_SEASON,MAJOR_REST_ADVANTAGE"
6,TEN,IND,17.0,20.0,3.0,0.7235174977569486,False,-2.5,-9.657884977437789,-8.147134943294077,4.837882399559021,13,7,1.0,1.0,"CLOSE_GAME,DIVISION_GAME,MID_SEASON,MAJOR_REST_ADVANTAGE"
6,DEN,LAC,16.0,23.0,7.0,0.690100837915179,False,3.0,29.803788689680232,12.91839244750713,-7.067907810211182,7,14,2.0,0.0,"MEDIUM_SPREAD,DIVISION_GAME,MID_SEASON,MAJOR_REST_ADVANTAGE"
6,LV,PIT,13.0,32.0,19.0,0.08761147483585803,True,3.5,-17.018573426579678,-8.503015602889263,-18.225590884685516,7,7,3.0,0.0,"MEDIUM_SPREAD,MID_SEASON"
6,CAR,ATL,20.0,38.0,18.0,0.05039498083328457,True,6.0,-77.34234464357883,-19.715305653750647,-23.986004948616028,7,10,2.0,1.0,"MEDIUM_SPREAD,DIVISION_GAME,MID_SEASON,MAJOR_REST_ADVANTAGE"
6,DAL,DET,9.0,47.0,38.0,0.001283495682105031,True,3.5,-34.43756867935895,-7.972402888228771,-49.697994232177734,7,13,5.0,0.0,"MEDIUM_SPREAD,MID_SEASON,MAJOR_REST_ADVANTAGE"
6,NYG,CIN,7.0,17.0,10.0,0.39699733748196453,True,4.5,42.78352134502802,20.514313807703275,-13.023715734481812,7,7,1.0,1.0,"MEDIUM_SPREAD,MID_SEASON"
6,NYJ,BUF,20.0,23.0,3.0,0.33041460367381376,True,1.0,-36.40561498319903,-17.309744522591473,-4.944943815469742,8,8,1.0,0.0,"CLOSE_GAME,DIVISION_GAME,MID_SEASON"
7,NO,DEN,10.0,33.0,23.0,0.013240853628725239,True,2.5,-62.071666644759716,-12.365213065949774,-27.16682469844818,4,4,2.0,1.0,"CLOSE_GAME,MID_SEASON"
7,JAX,NE,32.0,16.0,16.0,0.5015905496573688,True,-6.5,-2.9825954627415285,-24.03179615470799,8.392968893051147,7,7,0.0,0.0,"MEDIUM_SPREAD,MID_SEASON"
7,ATL,SEA,14.0,34.0,20.0,0.3031316167426627,True,-3.0,58.946494889728,24.213320951124615,-13.249334573745728,7,10,3.0,0.0,"MEDIUM_SPREAD,MID_SEASON,MAJOR_REST_ADVANTAGE"
7,BUF,TEN,34.0,10.0,24.0,0.9583907985879163,True,-9.5,81.03161808896039,19.0772168322153,26.612390518188477,6,7,0.0,2.0,"BLOWOUT_EXPECTED,MID_SEASON,MINOR_REST_ADVANTAGE"
7,CLE,CIN,14.0,21.0,7.0,0.5292189346712315,False,5.5,-43.90715767565848,-20.179788371598534,-1.5274755954742432,7,7,2.0,0.0,"MEDIUM_SPREAD,DIVISION_GAME,MID_SEASON"
7,GB,HOU,24.0,22.0,2.0,0.1936246017089822,False,-3.0,-27.779801594356968,-36.941764948756145,4.860368132591248,7,7,2.0,0.0,"MEDIUM_SPREAD,MID_SEASON"
7,IND,MIA,16.0,10.0,6.0,0.6619996585369894,True,-3.0,44.5269920811686,0.30837367911044566,5.768568992614746,7,14,1.0,2.0,"MEDIUM_SPREAD,MID_SEASON,MAJOR_REST_ADVANTAGE"
7,MIN,DET,29.0,31.0,2.0,0.8937981699606578,False,-1.0,27.712869816082275,17.363832398730892,-1.812085583806038,14,7,1.0,1.0,"CLOSE_GAME,DIVISION_GAME,MID_SEASON,MAJOR_REST_ADVANTAGE"
7,NYG,PHI,3.0,28.0,25.0,0.004146365024277393,True,3.0,-48.790921801225295,-27.33260315400844,-32.69619768857956,7,7,0.0,0.0,"MEDIUM_SPREAD,DIVISION_GAME,MID_SEASON"
7,LA,LV,20.0,15.0,5.0,0.09226369551701952,False,-7.0,-37.56196220614788,-18.05704039507782,8.897451639175415,14,7,1.0,4.0,"BLOWOUT_EXPECTED,MID_SEASON,MAJOR_REST_ADVANTAGE"
7,WAS,CAR,40.0,7.0,33.0,0.99274214871422,True,-10.0,107.6753179698917,39.39468454978987,36.33058166503906,7,7,0.0,2.0,"BLOWOUT_EXPECTED,MID_SEASON"
7,SF,KC,18.0,28.0,10.0,0.013843587607100707,True,-2.5,-95.21059226470948,-46.97173792842068,-8.266234427690506,10,13,3.0,2.0,"CLOSE_GAME,MID_SEASON,MAJOR_REST_ADVANTAGE"
7,PIT,NYJ,37.0,15.0,22.0,0.9609722760000776,True,3.0,72.68811421317832,18.96271283033184,12.69550359249115,7,6,0.0,2.0,"MEDIUM_SPREAD,MID_SEASON,MINOR_REST_ADVANTAGE"
7,TB,BAL,31.0,41.0,10.0,0.10268141324546666,True,4.5,-3.810379693718687,-3.328117611035168,-15.890860676765442,8,8,2.0,1.0,"MEDIUM_SPREAD,MID_SEASON"
7,ARI,LAC,17.0,15.0,2.0,0.07076374103746572,False,1.0,-69.51036395419987,-30.065640342206507,-9.894328564405441,8,8,1.0,1.0,"CLOSE_GAME,MID_SEASON"
8,LA,MIN,30.0,20.0,10.0,0.3350077170485998,False,3.0,-104.2927751099985,-54.544474471071,4.379488468170166,4,4,1.0,0.0,"MEDIUM_SPREAD,MID_SEASON"
8,CIN,PHI,17.0,37.0,20.0,0.07166981053824785,True,-2.5,-36.94575451472451,-24.753596111367642,-15.752270460128784,7,7,2.0,0.0,"CLOSE_GAME,MID_SEASON"
8,CLE,BAL,29.0,24.0,5.0,0.03377553895395449,False,7.5,-138.3427651520267,-32.30366410438296,4.143603324890137,7,6,1.0,0.0,"BLOWOUT_EXPECTED,DIVISION_GAME,MID_SEASON,MINOR_REST_ADVANTAGE"
8,DET,TEN,52.0,14.0,38.0,0.9468010241723156,True,-12.5,155.27894825949215,49.468527255894514,17.15148639678955,7,7,0.0,4.0,"BLOWOUT_EXPECTED,MID_SEASON"
8,HOU,IND,23.0,20.0,3.0,0.7171919312410948,True,-5.0,21.840790916909327,27.370845464694185,0.9508945941925049,7,7,1.0,2.0,"MEDIUM_SPREAD,DIVISION_GAME,MID_SEASON"
8,JAX,GB,27.0,30.0,3.0,0.23325447869096946,True,3.5,-94.60903379230604,-35.54327289238336,-1.4551211595535278,7,7,2.0,1.0,"MEDIUM_SPREAD,MID_SEASON"
8,MIA,ARI,27.0,28.0,1.0,0.33405040850801004,True,-4.0,-26.58742416121845,-0.3261726226674,-5.878613770008087,7,6,0.0,0.0,"MEDIUM_SPREAD,MID_SEASON,MINOR_REST_ADVANTAGE"
8,NE,NYJ,25.0,22.0,3.0,0.05119755484247321,False,7.0,-38.04823810044536,7.675885677419501,-5.4505733251571655,7,7,0.0,0.0,"BLOWOUT_EXPECTED,DIVISION_GAME,MID_SEASON"
8,TB,ATL,26.0,31.0,5.0,0.18967724485678886,True,1.5,-3.5480161002622026,-0.8035751555746629,-9.81359276175499,6,7,3.0,0.0,"CLOSE_GAME,DIVISION_GAME,MID_SEASON,MINOR_REST_ADVANTAGE"
8,LAC,NO,26.0,8.0,18.0,0.6666681921434163,True,-7.0,63.478081430240536,22.41015682121747,13.420672416687012,6,10,0.0,0.0,"BLOWOUT_EXPECTED,MID_SEASON,MAJOR_REST_ADVANTAGE"
8,SEA,BUF,10.0,31.0,21.0,0.022696098848114066,True,3.0,-39.00108913832446,-20.544843121423355,-26.742029905319214,7,7,1.0,1.0,"MEDIUM_SPREAD,MID_SEASON"
8,DEN,CAR,28.0,14.0,14.0,0.9289221067820147,True,-13.0,108.20793885609032,31.703446197727317,21.66035032272339,10,7,2.0,2.0,"BLOWOUT_EXPECTED,MID_SEASON,MAJOR_REST_ADVANTAGE"
8,LV,KC,20.0,27.0,7.0,0.0014078251241807303,True,9.0,-140.54179797225743,-76.24427639964142,-13.208911895751953,7,7,1.0,1.0,"BLOWOUT_EXPECTED,DIVISION_GAME,MID_SEASON"
8,WAS,CHI,18.0,15.0,3.0,0.9342128888204849,True,-1.5,26.88196428494416,10.113902124014885,14.343958973884583,7,14,0.0,1.0,"CLOSE_GAME,MID_SEASON,MAJOR_REST_ADVANTAGE"
8,SF,DAL,30.0,24.0,6.0,0.7380042611517376,True,-5.5,-17.73937254947259,-10.303787405658795,11.553481340408325,7,14,0.0,2.0,"MEDIUM_SPREAD,MID_SEASON,MAJOR_REST_ADVANTAGE"
8,PIT,NYG,26.0,18.0,8.0,0.9001697740765602,True,-6.0,107.57235213994863,37.64439014610002,1.2196931838989258,8,8,1.0,2.0,"MEDIUM_SPREAD,MID_SEASON"
9,NYJ,HOU,21.0,13.0,8.0,0.5070283661625152,True,-2.5,-141.20696903362114,-72.66946893951172,6.243409633636475,4,4,0.0,1.0,"CLOSE_GAME,MID_SEASON"
9,ATL,DAL,27.0,21.0,6.0,0.8946393683655,True,-3.0,59.78835647713868,28.240658389600412,5.8254714012146,7,7,1.0,0.0,"MEDIUM_SPREAD,MID_SEASON"
9,BAL,DEN,41.0,10.0,31.0,0.9836058459827579,True,-9.0,-3.477083867374631,1.7673903738125318,32.80058002471924,7,7,0.0,1.0,"BLOWOUT_EXPECTED,MID_SEASON"
9,BUF,MIA,30.0,27.0,3.0,0.46271788978523726,False,-6.5,137.54517657543533,39.66871538406667,-9.42266470193863,7,7,1.0,1.0,"MEDIUM_SPREAD,DIVISION_GAME,MID_SEASON"
9,CAR,NO,23.0,22.0,1.0,0.06721127157925913,False,7.0,-10.528558002459476,-18.582795884124835,-11.415417313575745,7,7,1.0,0.0,"BLOWOUT_EXPECTED,DIVISION_GAME,MID_SEASON"
9,CIN,LV,41.0,24.0,17.0,0.8975074008731289,True,-8.0,37.03749038049568,-7.3276113717483895,22.901764512062073,7,7,1.0,2.0,"BLOWOUT_EXPECTED,MID_SEASON"
9,CLE,LAC,10.0,27.0,17.0,0.05245867798269884,True,2.0,-81.38170704498884,0.305277144598449,-22.28057461977005,7,7,3.0,0.0,"CLOSE_GAME,MID_SEASON"
9,NYG,WAS,22.0,27.0,5.0,0.27614353823989135,True,4.5,-138.0838796049868,-37.12166593670668,-3.6045665740966797,6,7,1.0,0.0,"MEDIUM_SPREAD,DIVISION_GAME,MID_SEASON,MINOR_REST_ADVANTAGE"
9,TEN,NE,20.0,17.0,3.0,0.8134180649080063,True,-3.0,-4.282881755293374,-5.38155582825857,6.832139015197754,7,7,1.0,3.0,"MEDIUM_SPREAD,MID_SEASON"
9,ARI,CHI,29.0,9.0,20.0,0.9654733335342595,True,-1.5,-0.05435216983642022,-5.898180766925634,17.752781867980957,7,7,2.0,0.0,"CLOSE_GAME,MID_SEASON"
9,PHI,JAX,28.0,23.0,5.0,0.9650873344823495,True,-7.5,115.43551405099879,62.69535350653291,15.615762591362,7,7,1.0,2.0,"BLOWOUT_EXPECTED,MID_SEASON"
9,GB,DET,14.0,24.0,10.0,0.29269223103186276,True,2.5,-41.931933420959695,-27.501949363250333,-4.940325021743774,7,7,1.0,0.0,"CLOSE_GAME,DIVISION_GAME,MID_SEASON"
9,SEA,LA,20.0,26.0,6.0,0.1636416929668625,True,1.5,6.373551931065549,5.170386102544853,-16.257925271987915,7,10,3.0,1.0,"CLOSE_GAME,DIVISION_GAME,MID_SEASON,MAJOR_REST_ADVANTAGE"
9,MIN,IND,21.0,13.0,8.0,0.9474803266428038,True,-6.5,34.02237957918146,32.73168278556159,11.06034541130066,10,7,3.0,2.0,"MEDIUM_SPREAD,MID_SEASON,MAJOR_REST_ADVANTAGE"
9,KC,TB,30.0,24.0,6.0,0.8618592597061614,True,-9.0,123.71523039125191,68.04189965829914,5.4680845737457275,8,8,1.0,0.0,"BLOWOUT_EXPECTED,MID_SEASON"
10,BAL,CIN,35.0,34.0,1.0,0.9725889180760213,True,-6.0,63.52148059511478,38.44003479037974,7.538861274719238,4,4,0.0,1.0,"MEDIUM_SPREAD,DIVISION_GAME,MID_SEASON"
10,CAR,NYG,20.0,17.0,3.0,0.9762751402773314,True,6.5,4.46775089641028,18.375362068318054,12.176538467407227,7,7,1.0,3.0,"MEDIUM_SPREAD,MID_SEASON"
10,CHI,NE,3.0,19.0,16.0,0.060257385686499666,True,-6.5,79.34619828094992,18.89869768953463,-22.826390266418457,7,7,0.0,1.0,"MEDIUM_SPREAD,MID_SEASON"
10,IND,BUF,20.0,30.0,10.0,0.03970850075175817,True,4.5,-77.93013943831829,-62.092162992080375,-16.70632028579712,7,7,4.0,2.0,"MEDIUM_SPREAD,MID_SEASON"
10,JAX,MIN,7.0,12.0,5.0,0.04583289991845785,True,7.0,-130.8344936693279,-33.03441021523736,-14.295361518859863,7,7,3.0,3.0,"BLOWOUT_EXPECTED,MID_SEASON"
10,KC,DEN,16.0,14.0,2.0,0.5787554171140824,True,-7.5,97.08989680292325,60.51567826567839,-3.7962512969970703,6,7,0.0,0.0,"BLOWOUT_EXPECTED,DIVISION_GAME,MID_SEASON,MINOR_REST_ADVANTAGE"
10,NO,ATL,20.0,17.0,3.0,0.20031808303717985,False,3.5,-140.9081240382925,-46.231495131481324,-5.186432123184204,7,7,0.0,1.0,"MEDIUM_SPREAD,DIVISION_GAME,MID_SEASON"
10,TB,SF,20.0,23.0,3.0,0.19202073595964628,True,6.5,-4.449837402290996,-10.053991167361346,-17.99373972415924,6,14,0.0,0.0,"MEDIUM_SPREAD,MID_SEASON,MAJOR_REST_ADVANTAGE"
10,WAS,PIT,27.0,28.0,1.0,0.4477900553146198,True,-1.5,22.230608701545634,-6.882216487281539,-4.95612359046936,7,13,0.0,2.0,"CLOSE_GAME,MID_SEASON,MAJOR_REST_ADVANTAGE"
10,LAC,TEN,27.0,17.0,10.0,0.6061219789976344,True,-8.0,85.73056841748007,27.687016694068916,2.878881275653839,7,7,0.0,0.0,"BLOWOUT_EXPECTED,MID_SEASON"
10,ARI,NYJ,31.0,6.0,25.0,0.9986121946724197,True,2.0,74.93549065953243,36.61627843291444,29.649943828582764,7,10,0.0,1.0,"CLOSE_GAME,MID_SEASON,MAJOR_REST_ADVANTAGE"
10,DAL,PHI,6.0,34.0,28.0,0.004868042643509,True,7.5,-93.28422071826776,-35.98631065652785,-30.411630392074585,7,7,5.0,2.0,"BLOWOUT_EXPECTED,DIVISION_GAME,MID_SEASON"
10,HOU,DET,23.0,26.0,3.0,0.22435482116041203,True,4.5,-78.4883186686252,-33.73050293897791,-8.22018039226532,10,7,2.0,5.0,"MEDIUM_SPREAD,MID_SEASON,MAJOR_REST_ADVANTAGE"
10,LA,MIA,15.0,23.0,8.0,0.4334564158336797,True,-2.5,75.08038716454371,12.439403523121427,-7.248611927032471,8,8,2.0,2.0,"CLOSE_GAME,MID_SEASON"
11,PHI,WAS,26.0,18.0,8.0,0.9982796421411959,True,-4.5,14.599854829276182,46.683380224334314,20.848487555980682,4,4,0.0,1.0,"MEDIUM_SPREAD,DIVISION_GAME,MID_SEASON"
11,CHI,GB,19.0,20.0,1.0,0.7910156064455459,False,6.0,-61.82246689015028,-23.80879636947361,2.369386911392212,7,14,0.0,1.0,"MEDIUM_SPREAD,DIVISION_GAME,MID_SEASON,MAJOR_REST_ADVANTAGE"
11,DET,JAX,52.0,6.0,46.0,0.9999566224312614,True,-14.0,223.37161131078005,78.50073986754819,55.23970556259155,7,7,0.0,1.0,"BLOWOUT_EXPECTED,MID_SEASON"
11,MIA,LV,34.0,19.0,15.0,0.8965247876598434,True,-8.0,21.354635972034657,19.955165658079068,13.872778177261353,6,14,0.0,1.0,"BLOWOUT_EXPECTED,MID_SEASON,MAJOR_REST_ADVANTAGE"
11,NE,LA,22.0,28.0,6.0,0.27365298686788,True,4.0,-24.06995369069773,-0.3414558777099046,-10.580321431159973,7,6,2.0,0.0,"MEDIUM_SPREAD,MID_SEASON,MINOR_REST_ADVANTAGE"
11,NO,CLE,35.0,14.0,21.0,0.9783051103067192,True,1.0,8.797702103753636,-7.536540262234666,21.063398361206055,7,14,2.0,0.0,"CLOSE_GAME,MID_SEASON,MAJOR_REST_ADVANTAGE"
11,NYJ,IND,27.0,28.0,1.0,0.20715001208129974,True,-4.0,-54.51237440426894,-8.162522140371038,-8.412059962749481,7,7,0.0,1.0,"MEDIUM_SPREAD,MID_SEASON"
11,PIT,BAL,18.0,16.0,2.0,0.13795774458844978,False,3.0,0.20673253402810587,-12.039117910329423,-17.286165595054626,7,10,1.0,3.0,"MEDIUM_SPREAD,DIVISION_GAME,MID_SEASON,MAJOR_REST_ADVANTAGE"
11,TEN,MIN,13.0,23.0,10.0,0.21753353887011095,True,6.0,-146.27157799044608,-58.35774007540431,-4.308197855949402,7,7,1.0,1.0,"MEDIUM_SPREAD,MID_SEASON"
11,DEN,ATL,38.0,6.0,32.0,0.9974670276182191,True,-2.0,-10.749606951293345,-13.027892141086568,37.83303415775299,7,7,0.0,1.0,"CLOSE_GAME,MID_SEASON"
11,SF,SEA,17.0,20.0,3.0,0.9098851736893442,False,-6.0,61.24505925107974,24.133343531810397,5.664547026157379,7,14,1.0,1.0,"MEDIUM_SPREAD,DIVISION_GAME,MID_SEASON,MAJOR_REST_ADVANTAGE"
11,BUF,KC,30.0,21.0,9.0,0.3911445484742941,False,-2.5,-44.803915726012974,-24.30337074817271,1.0985609292984009,7,7,1.0,2.0,"CLOSE_GAME,MID_SEASON"
11,LAC,CIN,34.0,27.0,7.0,0.6175104496396987,True,-1.0,66.97493729975326,44.155504085478015,-5.426147758960724,7,10,1.0,0.0,"CLOSE_GAME,MID_SEASON,MAJOR_REST_ADVANTAGE"
11,DAL,HOU,10.0,34.0,24.0,0.0021138130918681008,True,7.5,-76.4092506708887,-24.90002599118111,-35.75264883041382,8,8,1.0,1.0,"BLOWOUT_EXPECTED,MID_SEASON"
12,CLE,PIT,24.0,19.0,5.0,0.8369124900744925,True,3.5,-176.42322081976522,-46.983270348203405,6.792472004890442,4,4,3.0,1.0,"MEDIUM_SPREAD,DIVISION_GAME,MID_SEASON"
12,CAR,KC,27.0,30.0,3.0,0.04951329460535695,True,11.0,-190.66889868387943,-89.4383103539958,-8.848948955535889,14,7,0.0,0.0,"BLOWOUT_EXPECTED,MID_SEASON,MAJOR_REST_ADVANTAGE"
12,CHI,MIN,27.0,30.0,3.0,0.2523866795789346,True,3.0,-123.66028000506935,-75.06995891343922,0.25907039642333984,7,7,0.0,1.0,"MEDIUM_SPREAD,DIVISION_GAME,MID_SEASON"
12,HOU,TEN,27.0,32.0,5.0,0.5829643520981206,False,-8.0,140.8334980754562,49.815358592742086,-3.557023286819458,6,7,2.0,2.0,"BLOWOUT_EXPECTED,DIVISION_GAME,MID_SEASON,MINOR_REST_ADVANTAGE"
12,IND,DET,6.0,24.0,18.0,0.021151103313668998,True,7.0,-137.62362990345605,-90.13899100602521,-14.417681455612183,7,7,0.0,0.0,"BLOWOUT_EXPECTED,MID_SEASON"
12,MIA,NE,34.0,15.0,19.0,0.8916835564882968,True,-7.5,47.713927080280655,29.756558188231566,13.58376407623291,7,7,1.0,2.0,"BLOWOUT_EXPECTED,DIVISION_GAME,MID_SEASON"
12,NYG,TB,7.0,30.0,23.0,0.03693309097476385,True,6.5,-62.52081507120943,21.2193496305606,-30.16557025909424,14,14,1.0,1.0,"MEDIUM_SPREAD,MID_SEASON"
12,WAS,DAL,26.0,34.0,8.0,0.6233772440628437,False,-10.5,115.97572367387534,11.277113939767787,3.954926013946533,10,6,3.0,1.0,"BLOWOUT_EXPECTED,DIVISION_GAME,MID_SEASON,MAJOR_REST_ADVANTAGE"
12,LV,DEN,19.0,29.0,10.0,0.06709664021834014,True,6.5,-114.91991288157487,-40.49711302187552,-17.554383277893066,7,7,2.0,0.0,"MEDIUM_SPREAD,DIVISION_GAME,MID_SEASON"
12,GB,SF,38.0,10.0,28.0,0.982858060365803,True,-6.5,66.6700804358004,21.22787543940649,22.620656967163086,7,7,0.0,3.0,"MEDIUM_SPREAD,MID_SEASON"
12,SEA,ARI,16.0,6.0,10.0,0.7390721113594966,True,1.0,-40.83492798385237,-22.067693166867684,6.481376647949219,7,14,1.0,1.0,"CLOSE_GAME,DIVISION_GAME,MID_SEASON,MAJOR_REST_ADVANTAGE"
12,LA,PHI,20.0,37.0,17.0,0.01704090755726622,True,3.0,-113.98107331183678,-51.31042844956892,-22.578235149383545,7,10,1.0,0.0,"MEDIUM_SPREAD,MID_SEASON,MAJOR_REST_ADVANTAGE"
12,LAC,BAL,23.0,30.0,7.0,0.14086865459796719,True,3.0,2.8362442963807553,6.985982549440678,-17.7326797246933,8,8,0.0,0.0,"MEDIUM_SPREAD,MID_SEASON"
13,DET,CHI,23.0,20.0,3.0,0.9941306427105291,True,-9.5,195.39949160660035,115.49631407448669,9.894771546125412,4,4,1.0,0.0,"BLOWOUT_EXPECTED,DIVISION_GAME,LATE_SEASON"
13,DAL,NYG,27.0,20.0,7.0,0.9212693505567404,True,-4.5,81.51620598591012,-8.792003107210576,4.143665552139282,4,4,0.0,2.0,"MEDIUM_SPREAD,DIVISION_GAME,LATE_SEASON"
13,GB,MIA,30.0,17.0,13.0,0.9634351738911683,True,-3.5,89.32372072507269,11.423599410412635,5.595552086830139,4,4,0.0,0.0,"MEDIUM_SPREAD,LATE_SEASON"
13,KC,LV,19.0,17.0,2.0,0.9192078654796274,True,-13.5,238.0471510040377,114.57280101788706,-7.213012218475342,5,5,0.0,1.0,"BLOWOUT_EXPECTED,DIVISION_GAME,LATE_SEASON"
13,ATL,LAC,13.0,17.0,4.0,0.46336639100792076,True,1.0,-20.475612936701054,-18.37709178139471,-4.660519123077393,14,6,4.0,1.0,"CLOSE_GAME,LATE_SEASON,MAJOR_REST_ADVANTAGE"
13,CIN,PIT,38.0,44.0,6.0,0.029251421987630706,True,-3.0,-95.67934250334201,-49.4039106207847,-15.78507375717163,14,10,3.0,1.0,"MEDIUM_SPREAD,DIVISION_GAME,LATE_SEASON,MAJOR_REST_ADVANTAGE"
13,JAX,HOU,20.0,23.0,3.0,0.4566901037459486,True,3.5,-114.38073239824098,-54.45756689788527,2.8481340408325195,14,7,1.0,0.0,"MEDIUM_SPREAD,DIVISION_GAME,LATE_SEASON,MAJOR_REST_ADVANTAGE"
13,MIN,ARI,23.0,22.0,1.0,0.819773889162153,True,-3.5,95.92177668586214,51.15290897646628,-0.6917910575866699,7,7,1.0,2.0,"MEDIUM_SPREAD,LATE_SEASON"
13,NE,IND,24.0,25.0,1.0,0.813614538707084,False,2.5,-77.76015963582336,-5.147553482132707,6.954934358596802,7,7,1.0,2.0,"CLOSE_GAME,LATE_SEASON"
13,NYJ,SEA,21.0,26.0,5.0,0.03957887643125983,True,-1.0,-94.96509554108161,-51.15959172846647,-16.908934116363525,14,7,2.0,0.0,"CLOSE_GAME,LATE_SEASON,MAJOR_REST_ADVANTAGE"
13,WAS,TEN,42.0,19.0,23.0,0.9714907447240996,True,-6.0,73.80092006258087,-7.5412965442105815,23.70327401161194,7,7,1.0,1.0,"MEDIUM_SPREAD,LATE_SEASON"
13,CAR,TB,23.0,26.0,3.0,0.760731618164625,False,6.5,-65.68073678791052,-18.47477986049421,4.3523108959198,7,7,1.0,2.0,"MEDIUM_SPREAD,DIVISION_GAME,LATE_SEASON"
13,NO,LA,14.0,21.0,7.0,0.3256069232148169,True,2.5,-24.99220343760817,8.069837901116216,-11.687319099903107,14,7,0.0,0.0,"CLOSE_GAME,LATE_SEASON,MAJOR_REST_ADVANTAGE"
13,BAL,PHI,19.0,24.0,5.0,0.3607730641417371,True,-3.0,-23.624883943015902,-22.071638925966226,-1.9480981230735779,6,7,0.0,0.0,"MEDIUM_SPREAD,LATE_SEASON,MINOR_REST_ADVANTAGE"
13,BUF,SF,35.0,10.0,25.0,0.9964802530479858,True,-6.5,138.66793573772702,66.44629329517397,26.57902193069458,14,7,0.0,2.0,"MEDIUM_SPREAD,LATE_SEASON,MAJOR_REST_ADVANTAGE"
13,DEN,CLE,41.0,32.0,9.0,0.8747701573275752,True,-6.5,117.46656405769818,22.809154513829753,8.5163893699646,8,11,2.0,3.0,"MEDIUM_SPREAD,LATE_SEASON,MAJOR_REST_ADVANTAGE"
14,DET,GB,34.0,31.0,3.0,0.6122775542696653,True,-3.0,77.33291681395212,51.31271000530387,-6.113178253173828,7,7,1.0,1.0,"MEDIUM_SPREAD,DIVISION_GAME,LATE_SEASON"
14,MIA,NYJ,32.0,26.0,6.0,0.736127167356307,True,-6.5,55.267509280627564,62.91283500060467,-0.17048963904380798,10,7,0.0,0.0,"MEDIUM_SPREAD,DIVISION_GAME,LATE_SEASON,MAJOR_REST_ADVANTAGE"
14,MIN,ATL,42.0,21.0,21.0,0.9863899170633491,True,-6.0,124.25371892734165,71.43726817031938,18.214239835739136,7,7,0.0,2.0,"MEDIUM_SPREAD,LATE_SEASON"
14,NYG,NO,11.0,14.0,3.0,0.42021174044241477,True,5.5,-49.50425870127788,-1.3863121106162453,-5.797428131103516,10,7,1.0,1.0,"MEDIUM_SPREAD,LATE_SEASON,MAJOR_REST_ADVANTAGE"
14,PHI,CAR,22.0,16.0,6.0,0.9187798322711658,True,-14.0,224.74894938515763,111.81972538738637,4.627312779426575,7,7,0.0,1.0,"BLOWOUT_EXPECTED,LATE_SEASON"
14,PIT,CLE,27.0,14.0,13.0,0.8079621668159863,True,-6.0,166.8716799792894,43.94013164339299,0.299990713596344,7,6,1.0,2.0,"MEDIUM_SPREAD,DIVISION_GAME,LATE_SEASON,MINOR_REST_ADVANTAGE"
14,TB,LV,28.0,13.0,15.0,0.9431603036216785,True,-7.0,100.9320794380667,43.39290567463081,16.65978693962097,7,9,3.0,2.0,"BLOWOUT_EXPECTED,LATE_SEASON,MINOR_REST_ADVANTAGE"
14,TEN,JAX,6.0,10.0,4.0,0.2338018229510453,True,-3.0,44.1683354086274,-4.805590022279148,-9.366867423057556,7,7,0.0,2.0,"MEDIUM_SPREAD,DIVISION_GAME,LATE_SEASON"
14,ARI,SEA,18.0,30.0,12.0,0.07611991548195167,True,-3.0,-35.022440348082455,-14.573298645435443,-14.760958731174469,7,7,2.0,0.0,"MEDIUM_SPREAD,DIVISION_GAME,LATE_SEASON"
14,LA,BUF,44.0,42.0,2.0,0.15994302359523666,False,3.5,-133.92363049486357,-68.13989078406576,-3.6016273498535156,7,7,0.0,0.0,"MEDIUM_SPREAD,LATE_SEASON"
14,SF,CHI,38.0,13.0,25.0,0.9957924845300039,True,-3.0,11.749229985821785,28.83107853573847,31.673095226287842,7,10,1.0,1.0,"MEDIUM_SPREAD,LATE_SEASON,MAJOR_REST_ADVANTAGE"
14,KC,LAC,19.0,17.0,2.0,0.6519943661690624,True,-5.0,97.57274069991513,47.725601047513464,-4.794154763221741,9,7,0.0,0.0,"MEDIUM_SPREAD,DIVISION_GAME,LATE_SEASON,MINOR_REST_ADVANTAGE"
14,DAL,CIN,20.0,27.0,7.0,0.45686931885873583,True,5.0,10.622599891550863,33.107594152921365,-9.805286884307861,11,8,1.0,1.0,"MEDIUM_SPREAD,LATE_SEASON,MAJOR_REST_ADVANTAGE"
15,SF,LA,6.0,12.0,6.0,0.6294587890455398,False,-3.0,-33.475370517472356,-15.663512693223993,-8.888506531715393,4,4,1.0,0.0,"MEDIUM_SPREAD,DIVISION_GAME,LATE_SEASON"
15,CAR,DAL,14.0,30.0,16.0,0.013605665347412954,True,-2.5,-38.75106820257133,-6.848585556869921,-28.93187153339386,7,6,4.0,1.0,"CLOSE_GAME,LATE_SEASON,MINOR_REST_ADVANTAGE"
15,CLE,KC,7.0,21.0,14.0,0.004158528510034776,True,4.5,-252.71970446200817,-107.74688836809378,-21.866934061050415,7,7,5.0,0.0,"MEDIUM_SPREAD,LATE_SEASON"
15,HOU,MIA,20.0,12.0,8.0,0.7441265874999982,True,-2.5,49.48360953025167,5.343815504814074,4.241229772567749,14,7,1.0,4.0,"CLOSE_GAME,LATE_SEASON,MAJOR_REST_ADVANTAGE"
15,JAX,NYJ,25.0,32.0,7.0,0.5544971554433356,False,3.5,14.844745166830762,54.609916779390915,-10.141563892364502,7,7,2.0,0.0,"MEDIUM_SPREAD,LATE_SEASON"
15,NO,WAS,19.0,20.0,1.0,0.09420287821072065,True,7.5,-102.64504225836345,-35.76146957894912,-8.829039335250854,7,14,1.0,0.0,"BLOWOUT_EXPECTED,LATE_SEASON,MAJOR_REST_ADVANTAGE"
15,NYG,BAL,14.0,35.0,21.0,0.00195961506668851,True,16.5,-216.7286692246846,-53.015000817820464,-35.45133554935455,7,14,1.0,1.0,"BLOWOUT_EXPECTED,LATE_SEASON,MAJOR_REST_ADVANTAGE"
15,TEN,CIN,27.0,37.0,10.0,0.08637451623000827,True,6.0,-69.73517686438777,-8.238339556089613,-18.994054317474365,7,6,6.0,3.0,"MEDIUM_SPREAD,LATE_SEASON,MINOR_REST_ADVANTAGE"
15,ARI,NE,30.0,17.0,13.0,0.8985592846443855,True,-6.0,85.53913159149965,30.264152733323954,7.488639831542969,7,14,0.0,1.0,"MEDIUM_SPREAD,LATE_SEASON,MAJOR_REST_ADVANTAGE"
15,DEN,IND,31.0,13.0,18.0,0.8682568903710883,True,-4.5,60.51722148672593,22.192881386235285,9.318210124969482,13,14,3.0,4.0,"MEDIUM_SPREAD,LATE_SEASON,MINOR_REST_ADVANTAGE"
15,DET,BUF,42.0,48.0,6.0,0.6173538915053903,False,-2.5,85.26073421404931,36.5093952834477,-4.987664699554443,10,7,1.0,0.0,"CLOSE_GAME,LATE_SEASON,MAJOR_REST_ADVANTAGE"
15,LAC,TB,17.0,40.0,23.0,0.03437517805324226,True,-3.0,28.017295121987672,19.86334390418915,-29.353184938430786,7,7,2.0,2.0,"MEDIUM_SPREAD,LATE_SEASON"
15,PHI,PIT,27.0,13.0,14.0,0.9813373775920844,True,-5.5,47.247810064216765,35.70604595733084,21.784247398376465,7,7,1.0,1.0,"MEDIUM_SPREAD,LATE_SEASON"
15,SEA,GB,13.0,30.0,17.0,0.05129702712810995,True,3.0,-17.705838021594445,-3.87491314511999,-23.120069980621338,7,10,2.0,1.0,"MEDIUM_SPREAD,LATE_SEASON,MAJOR_REST_ADVANTAGE"
15,MIN,CHI,30.0,12.0,18.0,0.9847174838451674,True,-7.0,189.95927665527165,121.72015578841706,14.577797412872314,8,8,1.0,1.0,"BLOWOUT_EXPECTED,DIVISION_GAME,LATE_SEASON"
15,LV,ATL,9.0,15.0,6.0,0.2821156088439019,True,6.5,-92.68513810066247,-18.901724969631914,-5.057262420654297,8,8,3.0,1.0,"MEDIUM_SPREAD,LATE_SEASON"
16,LAC,DEN,34.0,27.0,7.0,0.779612739918644,True,-3.0,-64.20099570163006,-23.207821332044432,-1.916438639163971,4,4,1.0,0.0,"MEDIUM_SPREAD,DIVISION_GAME,LATE_SEASON"
16,KC,HOU,27.0,19.0,8.0,0.888552634528117,True,-3.5,125.48324144359049,68.2362593984642,1.1607580184936523,6,6,0.0,2.0,"MEDIUM_SPREAD,LATE_SEASON"
16,BAL,PIT,34.0,17.0,17.0,0.914368811193285,True,-7.0,-2.864267497241144,4.517038830382717,20.795697927474976,6,6,1.0,2.0,"BLOWOUT_EXPECTED,DIVISION_GAME,LATE_SEASON"
16,ATL,NYG,34.0,7.0,27.0,0.9907369069283755,True,-9.5,169.00203365154493,31.623877182356182,28.633361339569092,6,7,1.0,3.0,"BLOWOUT_EXPECTED,LATE_SEASON,MINOR_REST_ADVANTAGE"
16,CAR,ARI,36.0,30.0,6.0,0.6758186440088253,True,5.5,-106.56841925971594,-28.53518241810957,5.318005204200745,7,7,0.0,2.0,"MEDIUM_SPREAD,LATE_SEASON"
16,CHI,DET,17.0,34.0,17.0,0.006043654130933321,True,7.0,-230.779796487187,-137.60237320604756,-14.50947618484497,6,7,2.0,0.0,"BLOWOUT_EXPECTED,DIVISION_GAME,LATE_SEASON,MINOR_REST_ADVANTAGE"
16,CIN,CLE,24.0,6.0,18.0,0.9517400682732486,True,-10.0,102.48554234291146,13.776512159960248,22.275635600090027,7,7,1.0,3.0,"BLOWOUT_EXPECTED,DIVISION_GAME,LATE_SEASON"
16,IND,TEN,38.0,30.0,8.0,0.9381544761094575,True,-4.0,79.88670993727555,20.26879067164259,11.447224736213684,7,7,1.0,3.0,"MEDIUM_SPREAD,DIVISION_GAME,LATE_SEASON"
16,NYJ,LA,9.0,19.0,10.0,0.15991866784587913,True,3.0,-130.90457014440994,-73.9266289775444,-3.287505626678467,7,10,1.0,1.0,"MEDIUM_SPREAD,LATE_SEASON,MAJOR_REST_ADVANTAGE"
16,WAS,PHI,36.0,33.0,3.0,0.26946502012486473,False,4.0,-102.65933379122043,-41.92367121817756,-4.409870624542236,7,7,5.0,1.0,"MEDIUM_SPREAD,DIVISION_GAME,LATE_SEASON"
16,SEA,MIN,24.0,27.0,3.0,0.24837722355317207,True,2.5,-104.03807174894632,-65.34970601562736,-1.830815076828003,7,6,2.0,0.0,"CLOSE_GAME,LATE_SEASON,MINOR_REST_ADVANTAGE"
16,BUF,NE,24.0,21.0,3.0,0.9120516801946125,True,-14.0,234.5570149518005,119.97991603569267,3.6964043974876404,7,7,1.0,3.0,"BLOWOUT_EXPECTED,DIVISION_GAME,LATE_SEASON"
16,LV,JAX,19.0,14.0,5.0,0.6443708227911752,True,-2.5,-10.552231625515333,-20.718615840404027,5.021448493003845,6,7,0.0,2.0,"CLOSE_GAME,LATE_SEASON,MINOR_REST_ADVANTAGE"
16,MIA,SF,29.0,17.0,12.0,0.8706684515629948,True,2.0,-3.210648273028937,18.875527793530182,7.607987880706787,7,10,0.0,1.0,"CLOSE_GAME,LATE_SEASON,MAJOR_REST_ADVANTAGE"
16,DAL,TB,26.0,24.0,2.0,0.18339796502396608,False,4.5,-76.30586941793376,-20.452698144880515,-11.007509231567383,7,7,0.0,2.0,"MEDIUM_SPREAD,LATE_SEASON"
16,GB,NO,34.0,0.0,34.0,0.9956149589173243,True,-14.0,162.35884283802648,51.46062914687377,34.15434658527374,8,8,0.0,2.0,"BLOWOUT_EXPECTED,LATE_SEASON"
17,PIT,KC,10.0,29.0,19.0,0.040353917254955234,True,3.0,-121.710565127986,-80.18523948248162,-24.891380846500397,4,4,2.0,0.0,"MEDIUM_SPREAD,LATE_SEASON"
17,HOU,BAL,2.0,31.0,29.0,0.011725387674231142,True,5.5,-51.666990653831135,-25.078703924340516,-41.37573528289795,4,4,1.0,0.0,"MEDIUM_SPREAD,LATE_SEASON"
17,CHI,SEA,3.0,6.0,3.0,0.44883660899061556,True,3.5,-101.38277395309524,-66.16484757347439,-7.86578106880188,4,4,1.0,1.0,"MEDIUM_SPREAD,LATE_SEASON"
17,NE,LAC,7.0,40.0,33.0,0.0002444677562454161,True,6.0,-139.72672289234015,-79.67611923604295,-48.90370035171509,6,9,1.0,0.0,"MEDIUM_SPREAD,LATE_SEASON,MAJOR_REST_ADVANTAGE"
17,CIN,DEN,30.0,24.0,6.0,0.6512093560122345,True,-3.5,-39.734939175545605,-31.675971964584278,6.035549283027649,6,9,1.0,1.0,"MEDIUM_SPREAD,LATE_SEASON,MAJOR_REST_ADVANTAGE"
17,LA,ARI,13.0,9.0,4.0,0.7538711871639785,True,-6.5,89.11045030513469,44.41868842588474,-0.9621627330780029,6,6,0.0,2.0,"MEDIUM_SPREAD,DIVISION_GAME,LATE_SEASON"
17,BUF,NYJ,40.0,14.0,26.0,0.9925773756121741,True,-10.0,231.9318803300248,136.03379962142117,17.702491760253906,7,7,0.0,3.0,"BLOWOUT_EXPECTED,DIVISION_GAME,LATE_SEASON"
17,JAX,TEN,20.0,13.0,7.0,0.8408304818677728,True,1.0,-21.791632746934056,12.695353430115347,6.200646623969078,7,7,0.0,1.0,"CLOSE_GAME,DIVISION_GAME,LATE_SEASON"
17,NO,LV,10.0,25.0,15.0,0.09721274343596012,True,2.0,26.109126517668983,12.005922397486074,-20.43061661720276,6,7,2.0,0.0,"CLOSE_GAME,LATE_SEASON,MINOR_REST_ADVANTAGE"
17,NYG,IND,45.0,33.0,12.0,0.6679946190891932,True,7.5,-174.25693879489995,-36.28357047398572,11.450222492218018,7,7,0.0,3.0,"BLOWOUT_EXPECTED,LATE_SEASON"
17,PHI,DAL,41.0,7.0,34.0,0.9965870737359941,True,-7.5,165.7543686952099,67.98395730019092,29.593247652053833,7,7,0.0,4.0,"BLOWOUT_EXPECTED,DIVISION_GAME,LATE_SEASON"
17,TB,CAR,48.0,14.0,34.0,0.9935052914973945,True,-9.5,110.04813530259207,28.948902116808995,32.31778645515442,7,7,0.0,0.0,"BLOWOUT_EXPECTED,DIVISION_GAME,LATE_SEASON"
17,CLE,MIA,3.0,20.0,17.0,0.026345291635108962,True,3.0,-93.82711370757147,-31.57238955017965,-23.05981206893921,7,7,2.0,0.0,"MEDIUM_SPREAD,LATE_SEASON"
17,MIN,GB,27.0,25.0,2.0,0.9388606427909201,True,1.0,55.07752426137222,41.262376121710986,7.458690136671066,7,6,1.0,1.0,"CLOSE_GAME,DIVISION_GAME,LATE_SEASON,MINOR_REST_ADVANTAGE"
17,WAS,ATL,30.0,24.0,6.0,0.962457669368367,True,-3.5,66.0835443235153,47.69402182607223,12.881756246089935,7,7,1.0,1.0,"MEDIUM_SPREAD,LATE_SEASON"
17,SF,DET,34.0,40.0,6.0,0.10261807902506898,True,4.0,-208.1486006783898,-112.24799470494418,-2.8913357257843018,8,8,2.0,0.0,"MEDIUM_SPREAD,LATE_SEASON"
18,BAL,CLE,35.0,10.0,25.0,0.9965738668224697,True,-19.5,227.48376528580752,59.21962042272935,34.78516149520874,10,6,0.0,2.0,"BLOWOUT_EXPECTED,DIVISION_GAME,LATE_SEASON,MAJOR_REST_ADVANTAGE"
18,PIT,CIN,17.0,19.0,2.0,0.4755057118099149,True,2.5,5.026683742455816,9.268059401584424,-7.122724413871765,10,7,0.0,1.0,"CLOSE_GAME,DIVISION_GAME,LATE_SEASON,MAJOR_REST_ADVANTAGE"
18,ATL,CAR,38.0,44.0,6.0,0.3750694481001904,True,-7.5,96.09082762737603,27.518211381666333,-3.8803625106811523,7,7,1.0,0.0,"BLOWOUT_EXPECTED,DIVISION_GAME,LATE_SEASON"
18,DAL,WAS,19.0,23.0,4.0,0.09840016024997404,True,7.0,-118.34990702722826,-63.739043098352795,-8.51356029510498,7,7,0.0,0.0,"BLOWOUT_EXPECTED,DIVISION_GAME,LATE_SEASON"
18,GB,CHI,22.0,24.0,2.0,0.8185299691739063,False,-10.0,181.26843066868128,109.20992155826093,0.17871952056884766,7,10,2.0,2.0,"BLOWOUT_EXPECTED,DIVISION_GAME,LATE_SEASON,MAJOR_REST_ADVANTAGE"
18,IND,JAX,26.0,23.0,3.0,0.7262601448332622,True,-3.5,84.53027543734129,5.74164385342192,-1.1162166595458984,7,7,0.0,1.0,"MEDIUM_SPREAD,DIVISION_GAME,LATE_SEASON"
18,NE,BUF,23.0,16.0,7.0,0.6246354035474788,True,3.0,-265.16911236152623,0.0,4.104678630828857,8,7,1.0,0.0,"MEDIUM_SPREAD,DIVISION_GAME,LATE_SEASON,MINOR_REST_ADVANTAGE"
18,PHI,NYG,20.0,13.0,7.0,0.9212760882599829,True,-3.0,308.70330485520117,9.390341802429475,2.4231655597686768,7,7,0.0,1.0,"MEDIUM_SPREAD,DIVISION_GAME,LATE_SEASON"
18,TB,NO,27.0,19.0,8.0,0.9081168432540437,True,-14.5,135.17880820153005,48.16870742283868,14.015941739082336,7,7,1.0,0.0,"BLOWOUT_EXPECTED,DIVISION_GAME,LATE_SEASON"
18,TEN,HOU,14.0,23.0,9.0,0.030937406876513716,True,-2.5,-144.01658986098641,-49.75738593714459,-17.383933067321777,7,11,1.0,1.0,"CLOSE_GAME,DIVISION_GAME,LATE_SEASON,MAJOR_REST_ADVANTAGE"
18,ARI,SF,47.0,24.0,23.0,0.9437726731667765,True,-4.5,12.634817042006262,-18.02516231051777,16.480632781982422,8,6,0.0,3.0,"MEDIUM_SPREAD,DIVISION_GAME,LATE_SEASON,MINOR_REST_ADVANTAGE"
18,DEN,KC,38.0,0.0,38.0,0.997117154749972,True,-10.5,-163.8812738471761,20.28731510679222,44.04676628112793,8,11,0.0,0.0,"BLOWOUT_EXPECTED,DIVISION_GAME,LATE_SEASON,MAJOR_REST_ADVANTAGE"
18,LA,SEA,25.0,30.0,5.0,0.19172195527944025,True,7.5,32.79618749841961,-16.227261442912095,-11.132489681243896,8,10,1.0,0.0,"BLOWOUT_EXPECTED,DIVISION_GAME,LATE_SEASON,MINOR_REST_ADVANTAGE"
18,LV,LAC,20.0,34.0,14.0,0.01506189601278466,True,7.0,-118.53334743879577,-53.65101497310911,-21.49503982067108,7,8,1.0,0.0,"BLOWOUT_EXPECTED,DIVISION_GAME,LATE_SEASON,MINOR_REST_ADVANTAGE"
18,NYJ,MIA,32.0,20.0,12.0,0.5997601918244287,True,-1.5,-113.68037321687439,-79.21320607016673,7.741512775421143,7,7,1.0,4.0,"CLOSE_GAME,DIVISION_GAME,LATE_SEASON"
18,DET,MIN,31.0,9.0,22.0,0.9838446552144511,True,-3.0,5.5538950665579705,1.8111273986480683,21.60721528530121,6,7,2.0,0.0,"MEDIUM_SPREAD,DIVISION_GAME,LATE_SEASON,MINOR_REST_ADVANTAGE"
